regulation,total_queries,avg_execution_time,avg_cache_hit_rate,total_compliance_issues
RegD,2,265.1500000000000000,79.0000000000000000,1
RegC,2,320.6250000000000000,72.5000000000000000,2
RegA,3,223.4000000000000000,78.3333333333333333,2
RegE,1,180.0000000000000000,88.0000000000000000,0
RegB,2,162.7500000000000000,90.0000000000000000,0
