trend_name,season,year,popularity_score,total_social_engagement,avg_engagement_score,total_color_usage,trend_influence_score
Sustainable Fashion,All-Season,2024,95.20,104100,97.1000000000000000,96.40,96.20000000000000000
Neon Streetwear,Summer,2024,92.30,98000,95.8000000000000000,85.60,92.36000000000000000
Floral Prints,Summer,2023,89.70,89200,94.3000000000000000,88.70,91.34000000000000000
Minimalist Black & White,Winter,2024,88.90,76900,91.6000000000000000,90.10,90.22000000000000000
Y2K Metallics,Spring,2022,84.50,87200,92.7000000000000000,82.30,87.34000000000000000
