supplier_id,supplier_name,location,rating,num_procurements,total_procurement_cost,avg_procurement_cost,avg_check_score,failed_checks
10,Cosmic Components,New York,3.50,1,14000.00,14000.0000000000000000,60.0000000000000000,1
8,Orbit Supplies,San Francisco,3.80,1,17500.00,17500.0000000000000000,65.0000000000000000,1
5,Altitude Components,Miami,3.70,1,16000.00,16000.0000000000000000,70.0000000000000000,1
3,SkyTech Solutions,Tucson,3.90,1,18000.00,18000.0000000000000000,75.0000000000000000,1
