aircraft_id,maintenance_count,avg_maintenance_cost,component_count
101,2,4000.0000000000000000,2
103,2,3350.0000000000000000,2
104,2,8900.0000000000000000,2
105,2,1350.0000000000000000,2
102,2,1000.0000000000000000,2
