aircraft_id,total_downtime,avg_replacement_cost,avg_measured_value,avg_lifetime_hours
101,8,180000.000000000000,97.0000000000000000,4250.0000000000000000
103,7,82500.000000000000,93.0000000000000000,5500.0000000000000000
104,13,152500.000000000000,94.2500000000000000,5350.0000000000000000
105,3,167500.000000000000,95.3500000000000000,5400.0000000000000000
102,4,180000.000000000000,96.4000000000000000,4400.0000000000000000
