category,total_feedback,average_rating,positive_feedback,negative_feedback
Cleaning,1,5.0000000000000000,1,0
Kitchen,4,4.2500000000000000,3,0
Laundry,2,3.0000000000000000,1,1
Climate Control,2,3.0000000000000000,1,1
Plumbing,1,3.0000000000000000,0,0
