Manufacturer,Total Reports,Serious Reports,Average Age
WellnessLabs,2,1,35.0000000000000000
HealthInc,2,1,34.5000000000000000
PharmaCorp,3,1,53.3333333333333333
MediLife,3,1,37.0000000000000000
